scenario,scale,seed,arm,signals,routing,origin,destination,dispatch_s,trip_m,window_s,signal_program,cycle_s,arrived,travel_s,wait_s,stops,red_stops,red_crossings,approach_clear_s,junctions_approached,queue_mean,bg_halted_s,route_changes,preemptions,violations,collisions,dispatch_vehicles,dispatch_hash,bg_time_loss_s,bg_max_wait_s,bg_vehicles,teleports,emergency_brakings,sumo_collision_warnings,valid,wall_s,ambulance_collisions
grid4x4,0.75,1,off_strict_static,off_strict,static,e2_D2,C0_sC,309.9,1051.8,600.0,tuned,27.9,True,96.0,25.3,2,2,0,0.0,4,0.503,19279.8,0,0,0,0,169,04d7af4dd93b06e0,54343.8,117.1,1227,0,1,0,True,87.6,
grid4x4,0.75,2,off_strict_static,off_strict,static,e1_D1,A1_w1,370.7,1051.8,600.0,tuned,27.9,True,113.4,30.8,2,2,0,0.9,4,0.512,19646.4,0,0,0,0,173,327a629a53909f7e,60683.0,99.0,1322,0,0,0,True,100.6,
grid4x4,0.75,3,off_strict_static,off_strict,static,nA_A3,D0_sD,317.6,1739.4,600.0,tuned,27.9,True,200.3,68.1,6,5,0,1.3,7,0.491,18785.0,0,0,0,0,179,44628ab12a7de78c,55235.3,110.0,1299,0,0,0,True,115.5,
grid4x4,0.75,4,off_strict_static,off_strict,static,e2_D2,A1_w1,317.5,1281.0,600.0,tuned,27.9,True,121.0,9.0,1,1,0,4.1,5,0.538,20657.0,0,0,0,0,165,6d90ccdff4bf4c88,57545.0,142.0,1282,0,0,0,True,115.0,
grid4x4,0.75,5,off_strict_static,off_strict,static,e1_D1,A3_w3,346.1,1510.2,600.0,tuned,27.9,True,131.9,21.0,3,3,0,2.5,6,0.527,20220.2,0,0,0,0,183,866c56360da217fd,59768.0,130.2,1293,0,0,0,True,119.9,
grid4x4,0.75,6,off_strict_static,off_strict,static,e0_D0,A3_nA,358.7,1739.4,600.0,tuned,27.9,True,187.2,46.5,7,6,0,2.6,7,0.522,19989.6,0,0,0,0,187,0b92903565629f73,60820.7,111.7,1335,0,0,0,True,122.5,
grid4x4,0.75,7,off_strict_static,off_strict,static,nA_A3,D1_e1,324.0,1510.2,600.0,tuned,27.9,True,153.1,44.0,4,4,0,1.2,6,0.516,19767.6,0,0,0,0,191,6f8299cfc43ccdfb,58515.7,121.8,1274,0,0,0,True,118.7,
grid4x4,0.75,8,off_strict_static,off_strict,static,w0_A0,A3_nA,316.8,1051.8,600.0,tuned,27.9,True,92.6,0.1,0,0,0,4.2,4,0.511,19609.7,0,0,0,0,192,8ec27c54307951e2,57018.6,137.2,1296,0,0,0,True,120.5,
grid4x4,0.75,9,off_strict_static,off_strict,static,w2_A2,D2_e2,334.3,1051.8,600.0,tuned,27.9,True,116.7,10.8,2,2,0,10.2,4,0.471,18080.7,0,0,0,0,167,a55273cdb0087db9,53571.8,92.2,1242,0,1,0,True,116.5,
grid4x4,0.75,10,off_strict_static,off_strict,static,w1_A1,D3_nD,342.3,1510.2,600.0,tuned,27.9,True,125.6,0.6,1,1,0,2.2,6,0.508,19495.7,0,0,0,0,172,a3522722eae5e6ee,55451.0,149.4,1238,0,0,0,True,111.5,
grid4x4,1.0,1,off_strict_static,off_strict,static,e2_D2,C0_sC,309.9,1051.8,600.0,tuned,29.8,True,66.4,3.6,1,1,0,0.2,4,0.783,30068.7,0,0,0,0,206,afdeac914c298ca7,79608.7,126.0,1559,0,0,0,True,135.8,
grid4x4,1.0,2,off_strict_static,off_strict,static,e1_D1,A1_w1,370.7,1051.8,600.0,tuned,29.8,True,116.1,32.0,3,3,0,5.2,4,0.83,31852.1,0,0,0,0,234,fa39b3d0497ed572,90101.1,172.1,1680,0,0,0,True,148.4,
grid4x4,1.0,3,off_strict_static,off_strict,static,nA_A3,D0_sD,317.6,1739.4,600.0,tuned,29.8,True,208.2,54.5,6,5,0,1.1,7,0.842,32294.9,0,0,0,0,251,25bd9e5a9a6b0d56,85923.6,185.6,1670,0,0,0,True,144.8,
grid4x4,1.0,4,off_strict_static,off_strict,static,e2_D2,A1_w1,317.5,1281.0,600.0,tuned,29.8,True,251.4,103.8,7,4,0,3.5,5,0.834,31931.1,0,0,0,0,238,0dc2d0ebd5f7f2aa,84033.1,167.3,1601,0,0,0,True,146.1,
grid4x4,1.0,5,off_strict_static,off_strict,static,e1_D1,A3_w3,346.1,1510.2,600.0,tuned,29.8,True,122.3,8.6,2,2,0,4.8,6,0.816,31343.7,0,0,0,0,248,fbc8d9b82831562f,87432.1,139.1,1658,0,1,0,True,127.2,
grid4x4,1.0,6,off_strict_static,off_strict,static,e0_D0,A3_nA,358.7,1739.4,600.0,tuned,29.8,True,166.9,24.6,2,2,0,5.3,7,0.847,32510.6,0,0,0,0,261,9b43c38aaffc7e71,91620.3,127.9,1727,0,0,0,True,127.1,
grid4x4,1.0,7,off_strict_static,off_strict,static,nA_A3,D1_e1,324.0,1510.2,600.0,tuned,29.8,True,173.0,57.0,5,5,0,0.0,6,0.818,31372.8,0,0,0,0,248,a40812b73c9de4f6,85501.7,149.7,1639,0,0,0,True,115.5,
grid4x4,1.0,8,off_strict_static,off_strict,static,w0_A0,A3_nA,316.8,1051.8,600.0,tuned,29.8,True,147.1,40.0,3,3,0,8.0,4,0.876,33599.5,0,0,0,0,251,212ecca221dfd90b,89685.2,150.4,1634,0,0,0,True,117.3,
grid4x4,1.0,9,off_strict_static,off_strict,static,w2_A2,D2_e2,334.3,1051.8,600.0,tuned,29.8,True,132.7,45.4,4,4,0,0.2,4,0.797,30553.2,0,0,0,0,229,f7f0ad808c100d18,81978.7,128.3,1576,0,0,0,True,112.5,
grid4x4,1.0,10,off_strict_static,off_strict,static,w1_A1,D3_nD,342.3,1510.2,600.0,tuned,29.8,True,151.6,21.1,3,3,0,3.3,6,0.775,29737.9,0,0,0,0,237,0d4d99ea06fe01d9,80538.6,138.4,1612,0,0,0,True,111.6,
grid4x4,1.5,1,off_strict_static,off_strict,static,e2_D2,C0_sC,309.9,1051.8,600.0,tuned,34.7,True,132.7,20.0,2,2,0,1.0,4,1.676,64319.4,0,0,0,0,327,d7057726de2bb52d,158116.9,228.3,2258,0,0,0,True,158.4,
grid4x4,1.5,2,off_strict_static,off_strict,static,e1_D1,A1_w1,370.7,1051.8,600.0,tuned,34.7,True,101.2,31.8,2,2,0,2.3,4,2.052,78781.2,0,0,0,0,379,76147be5862e6eda,199088.8,268.8,2480,0,0,0,True,194.8,
grid4x4,1.5,3,off_strict_static,off_strict,static,nA_A3,D0_sD,317.6,1739.4,600.0,tuned,34.7,True,232.0,60.2,6,4,0,6.9,7,1.932,74146.3,0,0,0,0,372,396fc80494b6eb48,182053.0,224.1,2391,0,0,0,True,227.7,
grid4x4,1.5,4,off_strict_static,off_strict,static,e2_D2,A1_w1,317.5,1281.0,600.0,tuned,34.7,True,196.8,45.1,5,4,0,6.2,5,1.885,72349.4,0,0,0,0,368,a85f016ecda261a6,179168.1,225.8,2345,0,2,0,True,224.3,
grid4x4,1.5,5,off_strict_static,off_strict,static,e1_D1,A3_w3,346.1,1510.2,600.0,tuned,34.7,True,204.3,40.0,4,2,0,8.6,6,1.957,75127.2,0,0,0,0,384,90ef8bec0ee3f898,191265.3,328.2,2373,0,1,0,True,293.0,
grid4x4,1.5,6,off_strict_static,off_strict,static,e0_D0,A3_nA,358.7,1739.4,600.0,tuned,34.7,True,226.1,78.6,6,5,0,4.3,7,2.164,83012.1,0,0,0,0,386,f0b4ae021e6aa1eb,212868.6,235.3,2507,0,1,0,True,316.9,
grid4x4,1.5,7,off_strict_static,off_strict,static,nA_A3,D1_e1,324.0,1510.2,600.0,tuned,34.7,True,164.9,27.2,3,3,0,2.1,6,2.301,88326.8,0,0,0,0,415,2037106221a832f2,213309.5,234.7,2367,0,2,0,True,301.8,
grid4x4,1.5,8,off_strict_static,off_strict,static,w0_A0,A3_nA,316.8,1051.8,600.0,tuned,34.7,True,125.3,18.2,2,2,0,0.5,4,1.91,73344.8,0,0,0,0,404,6b121cf924eb32c3,185040.9,229.2,2330,0,0,0,True,202.1,
grid4x4,1.5,9,off_strict_static,off_strict,static,w2_A2,D2_e2,334.3,1051.8,600.0,tuned,34.7,True,162.9,42.5,4,4,0,9.6,4,1.703,65366.1,0,0,0,0,332,b03fecf88e7ca236,163501.9,198.2,2301,0,2,0,True,190.2,
grid4x4,1.5,10,off_strict_static,off_strict,static,w1_A1,D3_nD,342.3,1510.2,600.0,tuned,34.7,True,300.1,84.0,6,4,0,5.8,6,1.972,75642.1,0,0,0,0,363,be95526aba923fbb,186492.9,275.2,2317,0,0,0,True,188.5,
grid4x4,1.5,11,off_strict_static,off_strict,static,w2_A2,D3_e3,333.5,1281.0,600.0,tuned,34.7,True,141.1,30.7,3,2,0,5.8,5,1.912,73385.2,0,0,0,0,380,40d8eca02df62c4e,184882.9,223.6,2424,0,0,0,True,190.4,
grid4x4,1.5,12,off_strict_static,off_strict,static,sD_D0,A3_nA,335.1,1739.4,600.0,tuned,34.7,True,343.8,134.1,9,6,0,4.5,7,2.003,76781.0,0,0,0,0,367,11a37f9024380eea,189477.8,267.8,2426,0,0,0,True,210.7,
grid4x4,1.5,13,off_strict_static,off_strict,static,e2_D2,B0_sB,319.2,1281.0,600.0,tuned,34.7,True,178.8,27.9,3,3,0,10.2,5,1.971,75654.2,0,0,0,0,357,5c55445b2349d4ea,185116.0,216.7,2253,0,0,0,True,208.1,
grid4x4,1.5,14,off_strict_static,off_strict,static,nD_D3,C0_sC,307.9,1281.0,600.0,tuned,34.7,True,211.5,68.6,4,2,0,9.4,5,2.093,80306.5,0,0,0,0,394,93d8f65476a34954,198204.4,232.5,2334,0,0,0,True,229.2,
grid4x4,1.5,15,off_strict_static,off_strict,static,e0_D0,A0_w0,371.4,1051.8,600.0,tuned,34.7,True,143.0,41.8,4,4,0,0.0,4,1.805,69285.1,0,0,0,0,398,e0a8bf11f6267d29,181825.8,253.6,2422,0,2,0,True,236.5,
grid4x4,1.5,16,off_strict_static,off_strict,static,w1_A1,B3_nB,326.8,1051.8,600.0,tuned,34.7,True,142.1,55.5,3,3,0,0.0,4,1.824,69988.9,0,0,0,0,349,6584ff789ad919b4,177895.2,210.3,2297,0,1,0,True,233.8,
grid4x4,1.5,17,off_strict_static,off_strict,static,sB_B0,A3_w3,338.6,1281.0,600.0,tuned,34.7,True,244.3,79.6,8,5,0,5.9,5,1.93,74044.9,0,0,0,0,388,a3139fbd50a93523,188024.2,204.7,2359,0,2,0,True,228.4,
grid4x4,1.5,18,off_strict_static,off_strict,static,w2_A2,D0_e0,313.4,1510.2,600.0,tuned,34.7,True,348.5,182.3,11,7,0,4.6,6,1.931,73950.2,0,0,0,0,371,f419a811f01b8a40,183673.2,228.5,2288,0,1,0,True,219.6,
grid4x4,1.5,19,off_strict_static,off_strict,static,e3_D3,B0_sB,350.1,1510.2,600.0,tuned,34.7,True,180.1,38.8,5,4,0,5.3,6,2.208,84731.4,0,0,0,0,382,31b48557f122f0b0,210209.8,249.7,2423,0,0,0,True,235.5,
grid4x4,1.5,20,off_strict_static,off_strict,static,nA_A3,C0_sC,367.0,1510.2,600.0,tuned,34.7,True,197.5,42.7,6,4,0,8.7,6,1.966,75461.2,0,0,0,0,406,2b4966da3dfe9d8d,203748.4,255.7,2508,0,0,0,True,238.7,
grid4x4,1.5,21,off_strict_static,off_strict,static,w1_A1,C3_nC,312.2,1281.0,600.0,tuned,34.7,True,162.4,40.1,3,3,0,3.4,5,2.108,80922.7,0,0,0,0,399,6c13fe74691c149f,200889.0,241.2,2374,0,0,0,True,195.1,0.0
grid4x4,1.5,22,off_strict_static,off_strict,static,sD_D0,A1_w1,370.9,1281.0,600.0,tuned,34.7,True,141.8,38.4,3,3,0,0.0,5,2.153,82641.8,0,0,0,0,404,e61c9f782e138014,211228.3,259.6,2502,0,1,0,True,205.9,0.0
grid4x4,1.5,23,off_strict_static,off_strict,static,e0_D0,C3_nC,368.4,1281.0,600.0,tuned,34.7,True,252.0,100.6,8,4,0,4.1,5,1.691,64832.6,0,0,0,0,346,3685fefea8b68937,166812.4,226.6,2348,0,0,0,True,194.5,0.0
grid4x4,1.5,24,off_strict_static,off_strict,static,nB_B3,B0_sB,352.7,1051.8,600.0,tuned,34.7,True,142.6,42.8,4,4,0,0.0,4,2.184,83832.0,0,0,0,0,356,f83b6ae83b244063,206548.4,267.7,2479,0,0,0,True,206.7,0.0
grid4x4,1.5,25,off_strict_static,off_strict,static,sB_B0,D3_nD,327.9,1510.2,600.0,tuned,34.7,True,194.9,41.1,5,4,0,6.7,6,2.207,84694.8,0,0,0,0,387,a52682d14e3a7b22,209748.7,231.0,2403,0,0,0,True,168.9,0.0
grid4x4,1.5,26,off_strict_static,off_strict,static,nC_C3,B0_sB,355.3,1281.0,600.0,tuned,34.7,True,161.7,52.8,5,4,0,4.1,5,2.105,80770.2,0,0,0,0,404,0004880f3d59e6d6,206180.5,272.6,2469,0,0,0,True,172.0,0.0
grid4x4,1.5,27,off_strict_static,off_strict,static,sA_A0,C3_nC,348.0,1510.2,600.0,tuned,34.7,True,330.9,110.4,8,4,0,10.4,6,1.985,76131.9,0,0,0,0,381,31823a07d3dee68e,192976.8,233.4,2401,0,0,0,True,167.2,0.0
grid4x4,1.5,28,off_strict_static,off_strict,static,w2_A2,D2_e2,308.4,1051.8,600.0,tuned,34.7,True,144.5,45.8,4,4,0,9.9,4,2.089,80158.0,0,0,0,2,373,805a56905885848b,196378.5,317.9,2322,0,2,1,True,164.5,0.0
grid4x4,1.5,29,off_strict_static,off_strict,static,sD_D0,C3_nC,340.6,1281.0,600.0,tuned,34.7,True,268.3,112.3,6,5,0,2.9,5,1.977,75786.4,0,0,0,0,352,b618d4ee311b9751,195760.7,240.3,2405,0,1,0,True,165.8,0.0
grid4x4,1.5,30,off_strict_static,off_strict,static,nC_C3,C0_sC,339.9,1051.8,600.0,tuned,34.7,True,171.6,30.3,3,2,0,9.8,4,1.972,75684.3,0,0,0,0,364,658f43b1d52b7c6b,193166.0,236.7,2384,0,2,0,True,164.1,0.0
grid4x4,1.5,31,off_strict_static,off_strict,static,nA_A3,A0_w0,300.9,1051.8,600.0,tuned,34.7,True,127.3,9.4,2,2,0,7.2,4,1.847,70913.8,0,0,0,0,353,ae7798e34bc3f9d5,172070.6,228.5,2270,0,0,0,True,152.4,0.0
grid4x4,1.5,32,off_strict_static,off_strict,static,sB_B0,B3_nB,305.7,1051.8,600.0,tuned,34.7,True,105.2,11.1,2,2,0,0.0,4,1.957,75150.0,0,0,0,0,362,5e9a509e89a18ffa,184037.5,281.4,2288,0,0,0,True,158.6,0.0
grid4x4,1.5,33,off_strict_static,off_strict,static,nD_D3,C0_sC,342.2,1281.0,600.0,tuned,34.7,True,185.8,43.2,4,3,0,7.9,5,2.034,78079.8,0,0,0,0,417,d75e952d08982ffc,203282.3,220.0,2447,0,2,0,True,172.0,0.0
grid4x4,1.5,34,off_strict_static,off_strict,static,e0_D0,B3_nB,339.1,1510.2,600.0,tuned,34.7,True,278.4,111.0,9,6,0,3.8,6,1.869,71650.3,0,0,0,0,343,e9dacc423e31bba0,180664.0,260.4,2368,0,0,0,True,172.6,0.0
grid4x4,1.5,35,off_strict_static,off_strict,static,nA_A3,D0_e0,340.6,1739.4,600.0,tuned,34.7,True,188.1,24.2,3,3,0,8.4,7,1.981,76065.2,0,0,0,0,375,96d4381643337aa7,193704.9,217.2,2396,0,0,0,True,188.3,0.0
grid4x4,1.5,36,off_strict_static,off_strict,static,e0_D0,C3_nC,324.3,1281.0,600.0,tuned,34.7,True,294.4,112.2,9,5,0,5.5,5,1.703,65280.8,0,0,0,0,356,e3ae646443b610be,163707.9,199.3,2299,0,1,0,True,172.3,0.0
grid4x4,1.5,37,off_strict_static,off_strict,static,e2_D2,A0_w0,350.5,1510.2,600.0,tuned,34.7,True,200.4,28.9,5,3,0,13.1,6,1.937,74344.8,0,0,0,0,358,9bd907f6009850c1,191117.6,255.0,2426,0,2,0,True,175.3,0.0
grid4x4,1.5,38,off_strict_static,off_strict,static,w2_A2,D0_sD,347.3,1510.2,600.0,tuned,34.7,True,234.3,57.9,8,5,0,9.8,6,1.986,76200.6,0,0,0,0,399,00c34181d8c87433,199606.0,222.4,2429,0,1,0,True,179.7,0.0
grid4x4,1.5,39,off_strict_static,off_strict,static,nB_B3,A0_sA,315.5,1281.0,600.0,tuned,34.7,True,117.5,17.2,2,1,0,2.2,5,2.112,81074.0,0,0,0,0,410,08c1c79a8c99cb9e,204957.3,231.2,2367,0,0,0,True,179.0,0.0
grid4x4,1.5,40,off_strict_static,off_strict,static,e1_D1,B3_nB,333.9,1281.0,600.0,tuned,34.7,True,205.0,79.6,6,4,0,3.5,5,1.874,71873.0,0,0,0,0,356,bfef19c0756de7e9,177223.4,219.0,2350,0,1,0,True,165.0,0.0
grid4x4,2.0,1,off_strict_static,off_strict,static,e2_D2,C0_sC,309.9,1051.8,600.0,tuned,36.2,True,108.9,4.6,1,1,0,8.6,4,3.584,137615.3,0,0,0,0,484,18289a7a8a032e08,316157.2,269.8,2908,0,0,0,True,231.9,
grid4x4,2.0,2,off_strict_static,off_strict,static,e1_D1,A1_w1,370.7,1051.8,600.0,tuned,36.2,True,103.3,20.0,2,2,0,4.7,4,3.71,142434.8,0,0,0,0,534,a8bfc2edcf5781f9,357922.1,323.6,3103,0,0,0,True,261.1,
grid4x4,2.0,3,off_strict_static,off_strict,static,nA_A3,D0_sD,317.6,1739.4,600.0,tuned,36.2,True,524.3,183.7,14,5,0,12.4,7,4.442,170373.3,0,0,0,8,515,453b0df98bbbfb70,387292.0,299.6,2964,0,3,4,True,271.7,
grid4x4,2.0,4,off_strict_static,off_strict,static,e2_D2,A1_w1,317.5,1281.0,600.0,tuned,36.2,True,296.8,100.6,8,4,0,9.7,5,3.234,124090.0,0,0,0,0,475,f26c7b7699d93a5d,300209.1,291.0,2983,0,0,0,True,235.3,
grid4x4,2.0,5,off_strict_static,off_strict,static,e1_D1,A3_w3,346.1,1510.2,600.0,tuned,36.2,True,193.5,37.2,4,4,0,7.6,6,3.457,132721.0,0,0,0,0,505,30369f5717a1a69c,328806.0,384.5,3108,0,0,0,True,260.4,
grid4x4,2.0,6,off_strict_static,off_strict,static,e0_D0,A3_nA,358.7,1739.4,600.0,tuned,36.2,True,253.3,81.9,8,7,0,2.7,7,4.344,166713.2,0,0,0,8,542,748967edc406b33b,416726.6,321.1,3221,0,0,4,True,337.5,
grid4x4,2.0,7,off_strict_static,off_strict,static,nA_A3,D1_e1,324.0,1510.2,600.0,tuned,36.2,True,205.8,47.0,3,1,0,9.9,6,3.791,145521.8,0,0,0,0,571,d8b3bdd95ec132f9,352778.4,307.8,3045,0,0,0,True,317.9,
grid4x4,2.0,8,off_strict_static,off_strict,static,w0_A0,A3_nA,316.8,1051.8,600.0,tuned,36.2,True,111.8,5.3,1,1,0,5.0,4,3.575,137292.0,0,0,0,0,513,f71bff2650b18ed1,332619.8,347.4,2947,0,3,0,True,302.4,
grid4x4,2.0,9,off_strict_static,off_strict,static,w2_A2,D2_e2,334.3,1051.8,600.0,tuned,36.2,True,151.0,39.9,2,2,0,7.1,4,3.524,135298.5,0,0,0,0,459,9790fe599262b991,326861.2,313.6,3001,0,2,0,True,296.8,
grid4x4,2.0,10,off_strict_static,off_strict,static,w1_A1,D3_nD,342.3,1510.2,600.0,tuned,36.2,True,175.1,43.3,4,4,0,8.7,6,3.376,129579.1,0,0,0,0,474,d29ebdbc61c476da,318954.5,354.8,2953,0,2,0,True,256.7,
