scenario,scale,seed,mode,dispatch_s,predicted_s,actual_s,route,violations,collisions,error_s
grid4x4,1.0,1,OFF,316.1,186.4,235.2,w0_A0 A0_B0 B0_C0 C0_C1 C1_C2 C2_C3 C3_D3 D3_e3,0,0,-48.79999999999998
grid4x4,1.0,1,BASIC,316.1,102.4,131.3,w0_A0 A0_B0 B0_C0 C0_C1 C1_C2 C2_C3 C3_D3 D3_e3,0,0,-28.900000000000006
grid4x4,1.0,2,OFF,414.7,176.3,159.4,w0_A0 A0_A1 A1_B1 B1_C1 C1_C2 C2_C3 C3_D3 D3_e3,0,0,16.900000000000006
grid4x4,1.0,2,BASIC,414.7,112.4,93.0,w0_A0 A0_B0 B0_C0 C0_C1 C1_C2 C2_C3 C3_D3 D3_e3,0,0,19.400000000000006
grid4x4,1.0,3,OFF,328.6,191.9,185.8,w0_A0 A0_B0 B0_B1 B1_B2 B2_B3 B3_C3 C3_D3 D3_e3,0,0,6.099999999999994
grid4x4,1.0,3,BASIC,328.6,106.5,114.7,w0_A0 A0_B0 B0_B1 B1_B2 B2_B3 B3_C3 C3_D3 D3_e3,0,0,-8.200000000000003
grid4x4,1.0,4,OFF,328.3,189.9,151.3,w0_A0 A0_B0 B0_B1 B1_B2 B2_B3 B3_C3 C3_D3 D3_e3,0,0,38.599999999999994
grid4x4,1.0,4,BASIC,328.3,106.2,122.4,w0_A0 A0_B0 B0_C0 C0_D0 D0_D1 D1_D2 D2_D3 D3_e3,0,0,-16.200000000000003
grid4x4,1.0,5,OFF,374.7,211.3,233.7,w0_A0 A0_B0 B0_C0 C0_D0 D0_D1 D1_D2 D2_D3 D3_e3,0,0,-22.399999999999977
grid4x4,1.0,5,BASIC,374.7,113.4,96.6,w0_A0 A0_B0 B0_C0 C0_D0 D0_D1 D1_D2 D2_D3 D3_e3,0,0,16.80000000000001
grid4x4,1.0,6,OFF,395.2,179.1,196.5,w0_A0 A0_B0 B0_B1 B1_C1 C1_D1 D1_D2 D2_D3 D3_e3,0,0,-17.400000000000006
grid4x4,1.0,6,BASIC,395.2,109.3,109.2,w0_A0 A0_A1 A1_B1 B1_C1 C1_D1 D1_D2 D2_D3 D3_e3,0,0,0.09999999999999432
grid4x4,1.0,7,OFF,338.9,194.0,103.8,w0_A0 A0_A1 A1_B1 B1_B2 B2_C2 C2_C3 C3_D3 D3_e3,0,0,90.2
grid4x4,1.0,7,BASIC,338.9,106.9,104.5,w0_A0 A0_B0 B0_B1 B1_B2 B2_C2 C2_C3 C3_D3 D3_e3,0,0,2.4000000000000057
grid4x4,1.0,8,OFF,327.2,196.9,149.9,w0_A0 A0_A1 A1_B1 B1_B2 B2_C2 C2_D2 D2_D3 D3_e3,0,0,47.0
grid4x4,1.0,8,BASIC,327.2,112.8,108.7,w0_A0 A0_A1 A1_B1 B1_C1 C1_D1 D1_D2 D2_D3 D3_e3,0,0,4.099999999999994
grid4x4,1.0,9,OFF,355.6,215.7,315.5,w0_A0 A0_B0 B0_B1 B1_B2 B2_B3 B3_C3 C3_D3 D3_e3,0,0,-99.80000000000001
grid4x4,1.0,9,BASIC,355.6,100.2,106.1,w0_A0 A0_B0 B0_B1 B1_B2 B2_B3 B3_C3 C3_D3 D3_e3,0,0,-5.8999999999999915
grid4x4,1.0,10,OFF,368.6,206.6,176.3,w0_A0 A0_B0 B0_C0 C0_C1 C1_C2 C2_C3 C3_D3 D3_e3,0,0,30.299999999999983
grid4x4,1.0,10,BASIC,368.6,102.6,95.0,w0_A0 A0_B0 B0_C0 C0_C1 C1_C2 C2_C3 C3_D3 D3_e3,0,0,7.599999999999994
