scenario,scale,seed,arm,collisions,events,ambulance_events,red_crossings,travel_s,reproduced
grid4x4,0.75,5,off_realistic_dynamic,2,1,1,2,149.5,True
grid4x4,0.75,7,off_realistic_dynamic,2,1,1,2,123.4,True
grid4x4,0.75,7,off_realistic_static,2,1,1,2,108.5,True
grid4x4,1.0,3,off_realistic_static,2,1,1,1,151.6,True
grid4x4,1.5,5,off_realistic_dynamic,2,1,0,0,148.3,True
grid4x4,1.5,18,off_realistic_dynamic,6,3,3,2,132.6,True
grid4x4,1.5,34,off_realistic_dynamic,6,3,2,3,145.8,True
grid4x4,1.5,38,off_realistic_dynamic,2,1,1,1,317.9,True
grid4x4,1.5,5,off_realistic_static,4,2,1,1,200.4,True
grid4x4,1.5,6,off_realistic_static,6,3,3,1,153.3,True
grid4x4,1.5,7,off_realistic_static,2,1,0,1,163.5,True
grid4x4,1.5,34,off_realistic_static,6,3,2,3,145.8,True
grid4x4,1.5,37,off_realistic_static,2,1,0,1,184.7,True
grid4x4,1.5,39,off_realistic_static,6,3,3,1,117.6,True
grid4x4,1.5,28,off_strict_dynamic,2,1,0,0,144.5,True
grid4x4,1.5,28,off_strict_static,2,1,0,0,144.5,True
grid4x4,2.0,5,basic_dynamic,4,2,0,0,97.3,True
grid4x4,2.0,6,basic_dynamic,8,4,0,0,106.7,True
grid4x4,2.0,9,basic_dynamic,2,1,0,0,89.5,True
grid4x4,2.0,3,basic_static,6,3,0,0,126.0,True
grid4x4,2.0,6,basic_static,4,2,0,0,130.5,True
grid4x4,2.0,9,basic_static,2,1,0,0,89.5,True
grid4x4,2.0,3,coord_dynamic,4,2,0,0,130.1,True
grid4x4,2.0,5,coord_static,6,3,0,0,99.9,True
grid4x4,2.0,6,coord_static,18,9,0,0,110.3,True
grid4x4,2.0,4,off_realistic_dynamic,6,3,3,3,126.9,True
grid4x4,2.0,6,off_realistic_dynamic,6,3,0,0,268.6,True
grid4x4,2.0,7,off_realistic_dynamic,2,1,0,1,150.4,True
grid4x4,2.0,6,off_realistic_static,8,4,0,2,181.8,True
grid4x4,2.0,6,off_strict_dynamic,6,3,0,0,268.6,True
grid4x4,2.0,3,off_strict_static,8,4,0,0,524.3,True
grid4x4,2.0,6,off_strict_static,8,4,0,0,253.3,True
