scenario,scale,metric,arm,reference,n,excluded,arm_mean,reference_mean,mean_diff,ci_low,ci_high,median_diff,p_wilcoxon,pairing_ok
grid4x4,0.75,travel_s,off_strict_dynamic,off_strict_static,10,0,123.9,133.8,-9.86,-24.34,4.71,-10.55,0.2188,True
grid4x4,0.75,wait_s,off_strict_dynamic,off_strict_static,10,0,20.04,25.62,-5.58,-15.26,4.42,-0.95,0.2188,True
grid4x4,0.75,red_stops,off_strict_dynamic,off_strict_static,10,0,1.8,2.6,-0.8,-1.7,-0.1,-0.5,0.1562,True
grid4x4,0.75,approach_clear_s,off_strict_dynamic,off_strict_static,10,0,3.06,2.92,0.14,-0.76,1.16,0,0.875,True
grid4x4,0.75,queue_mean,off_strict_dynamic,off_strict_static,10,0,0.5136,0.5099,0.0037,0,0.007,0.005,0.1719,True
grid4x4,0.75,bg_time_loss_s,off_strict_dynamic,off_strict_static,10,0,5.758e+04,5.73e+04,285.3,25.39,540.7,239.4,0.07812,True
grid4x4,0.75,bg_max_wait_s,off_strict_dynamic,off_strict_static,10,0,120.8,121.1,-0.21,-4.9,4.03,0,0.8438,True
grid4x4,0.75,bg_halted_s,off_strict_dynamic,off_strict_static,10,0,1.97e+04,1.955e+04,147.7,8.7,281.8,176.1,0.125,True
grid4x4,0.75,route_changes,off_strict_dynamic,off_strict_static,10,0,3.2,0,3.2,1.7,4.9,3,0.007812,True
grid4x4,0.75,preemptions,off_strict_dynamic,off_strict_static,10,0,0,0,0,0,0,0,1,True
grid4x4,0.75,travel_s,off_realistic_static,off_strict_static,10,0,116.3,133.8,-17.46,-27.04,-8.1,-22.6,0.03125,True
grid4x4,0.75,wait_s,off_realistic_static,off_strict_static,10,0,6.22,25.62,-19.4,-28.88,-10.1,-22.6,0.007812,True
grid4x4,0.75,red_stops,off_realistic_static,off_strict_static,10,0,1.2,2.6,-1.4,-2.3,-0.5,-1.5,0.03125,True
grid4x4,0.75,approach_clear_s,off_realistic_static,off_strict_static,10,0,2.97,2.92,0.05,-0.4,0.57,0,0.8125,True
grid4x4,0.75,queue_mean,off_realistic_static,off_strict_static,10,0,0.5118,0.5099,0.0019,-0.0014,0.0051,0.002,0.3281,True
grid4x4,0.75,bg_time_loss_s,off_realistic_static,off_strict_static,10,0,5.746e+04,5.73e+04,167.6,-58.43,399.8,140,0.1953,True
grid4x4,0.75,bg_max_wait_s,off_realistic_static,off_strict_static,10,0,121.1,121.1,0.07,-3.58,3.46,-0.2,1,True
grid4x4,0.75,bg_halted_s,off_realistic_static,off_strict_static,10,0,1.965e+04,1.955e+04,92.17,-33.96,219.3,85.55,0.1484,True
grid4x4,0.75,route_changes,off_realistic_static,off_strict_static,10,0,0,0,0,0,0,0,1,True
grid4x4,0.75,preemptions,off_realistic_static,off_strict_static,10,0,0,0,0,0,0,0,1,True
grid4x4,0.75,travel_s,off_realistic_dynamic,off_strict_static,10,0,110.3,133.8,-23.52,-38.17,-8.96,-28.75,0.02734,True
grid4x4,0.75,wait_s,off_realistic_dynamic,off_strict_static,10,0,5.83,25.62,-19.79,-33.05,-7.49,-13.45,0.01172,True
grid4x4,0.75,red_stops,off_realistic_dynamic,off_strict_static,10,0,0.7,2.6,-1.9,-2.9,-1,-1.5,0.007812,True
grid4x4,0.75,approach_clear_s,off_realistic_dynamic,off_strict_static,10,0,3.11,2.92,0.19,-0.8002,1.33,0,0.9688,True
grid4x4,0.75,queue_mean,off_realistic_dynamic,off_strict_static,10,0,0.511,0.5099,0.0011,-0.002,0.0041,0.0015,0.4414,True
grid4x4,0.75,bg_time_loss_s,off_realistic_dynamic,off_strict_static,10,0,5.744e+04,5.73e+04,142.3,-59.07,347.8,84.55,0.3008,True
grid4x4,0.75,bg_max_wait_s,off_realistic_dynamic,off_strict_static,10,0,115.2,121.1,-5.83,-12.89,-0.51,-1.7,0.1055,True
grid4x4,0.75,bg_halted_s,off_realistic_dynamic,off_strict_static,10,0,1.962e+04,1.955e+04,66.12,-40.39,170.9,69.95,0.3008,True
grid4x4,0.75,route_changes,off_realistic_dynamic,off_strict_static,10,0,2.8,0,2.8,1.6,4,3,0.007812,True
grid4x4,0.75,preemptions,off_realistic_dynamic,off_strict_static,10,0,0,0,0,0,0,0,1,True
grid4x4,0.75,travel_s,basic_static,off_strict_static,10,0,89.69,133.8,-44.09,-59.43,-30.74,-30.75,0.001953,True
grid4x4,0.75,wait_s,basic_static,off_strict_static,10,0,0.1,25.62,-25.52,-38.96,-13.29,-23.05,0.003906,True
grid4x4,0.75,red_stops,basic_static,off_strict_static,10,0,0,2.6,-2.6,-3.8,-1.5,-2,0.003906,True
grid4x4,0.75,approach_clear_s,basic_static,off_strict_static,10,0,1.52,2.92,-1.4,-2.88,-0.31,-0.65,0.05469,True
grid4x4,0.75,queue_mean,basic_static,off_strict_static,10,0,0.5134,0.5099,0.0035,-0.0053,0.0131,-0.0035,0.6953,True
grid4x4,0.75,bg_time_loss_s,basic_static,off_strict_static,10,0,5.695e+04,5.73e+04,-341,-874.9,228.1,-741.3,0.2754,True
grid4x4,0.75,bg_max_wait_s,basic_static,off_strict_static,10,0,122.8,121.1,1.71,-9.001,11.31,3.9,0.625,True
grid4x4,0.75,bg_halted_s,basic_static,off_strict_static,10,0,1.971e+04,1.955e+04,158.7,-177.3,527,-93.35,0.6953,True
grid4x4,0.75,route_changes,basic_static,off_strict_static,10,0,0,0,0,0,0,0,1,True
grid4x4,0.75,preemptions,basic_static,off_strict_static,10,0,5.3,0,5.3,4.6,6,5.5,0.001953,True
grid4x4,0.75,travel_s,basic_dynamic,off_strict_static,10,0,84.29,133.8,-49.49,-68.28,-33.3,-35.8,0.001953,True
grid4x4,0.75,wait_s,basic_dynamic,off_strict_static,10,0,0.1,25.62,-25.52,-38.96,-13.29,-23.05,0.003906,True
grid4x4,0.75,red_stops,basic_dynamic,off_strict_static,10,0,0,2.6,-2.6,-3.8,-1.5,-2,0.003906,True
grid4x4,0.75,approach_clear_s,basic_dynamic,off_strict_static,10,0,1.25,2.92,-1.67,-3.14,-0.49,-0.8,0.03906,True
grid4x4,0.75,queue_mean,basic_dynamic,off_strict_static,10,0,0.5168,0.5099,0.0069,-0.0003025,0.0146,0.0065,0.1836,True
grid4x4,0.75,bg_time_loss_s,basic_dynamic,off_strict_static,10,0,5.712e+04,5.73e+04,-177.8,-662.1,309.3,-181,0.5566,True
grid4x4,0.75,bg_max_wait_s,basic_dynamic,off_strict_static,10,0,115.6,121.1,-5.42,-14.77,3.6,-4.9,0.375,True
grid4x4,0.75,bg_halted_s,basic_dynamic,off_strict_static,10,0,1.985e+04,1.955e+04,297.3,16.94,593,322.5,0.1055,True
grid4x4,0.75,route_changes,basic_dynamic,off_strict_static,10,0,2.8,0,2.8,1.2,4.5,2.5,0.01562,True
grid4x4,0.75,preemptions,basic_dynamic,off_strict_static,10,0,5.3,0,5.3,4.6,6,5.5,0.001953,True
grid4x4,0.75,travel_s,coord_static,off_strict_static,10,0,89.36,133.8,-44.42,-60.52,-30.34,-34.85,0.001953,True
grid4x4,0.75,wait_s,coord_static,off_strict_static,10,0,0.1,25.62,-25.52,-38.96,-13.29,-23.05,0.003906,True
grid4x4,0.75,red_stops,coord_static,off_strict_static,10,0,0,2.6,-2.6,-3.8,-1.5,-2,0.003906,True
grid4x4,0.75,approach_clear_s,coord_static,off_strict_static,10,0,1.53,2.92,-1.39,-2.88,-0.26,-0.4,0.1211,True
grid4x4,0.75,queue_mean,coord_static,off_strict_static,10,0,0.514,0.5099,0.0041,-0.0027,0.011,0.0015,0.375,True
grid4x4,0.75,bg_time_loss_s,coord_static,off_strict_static,10,0,5.699e+04,5.73e+04,-300.3,-706.2,104.6,-366.7,0.1934,True
grid4x4,0.75,bg_max_wait_s,coord_static,off_strict_static,10,0,121.2,121.1,0.13,-8.38,7.92,-1,0.8457,True
grid4x4,0.75,bg_halted_s,coord_static,off_strict_static,10,0,1.973e+04,1.955e+04,179.6,-74.81,437.6,77.9,0.2754,True
grid4x4,0.75,route_changes,coord_static,off_strict_static,10,0,0,0,0,0,0,0,1,True
grid4x4,0.75,preemptions,coord_static,off_strict_static,10,0,5.3,0,5.3,4.6,6,5.5,0.001953,True
grid4x4,0.75,travel_s,coord_dynamic,off_strict_static,10,0,83.55,133.8,-50.23,-69.03,-33.89,-40.2,0.001953,True
grid4x4,0.75,wait_s,coord_dynamic,off_strict_static,10,0,0.1,25.62,-25.52,-38.96,-13.29,-23.05,0.003906,True
grid4x4,0.75,red_stops,coord_dynamic,off_strict_static,10,0,0,2.6,-2.6,-3.8,-1.5,-2,0.003906,True
grid4x4,0.75,approach_clear_s,coord_dynamic,off_strict_static,10,0,1.32,2.92,-1.6,-3.06,-0.38,-0.85,0.07422,True
grid4x4,0.75,queue_mean,coord_dynamic,off_strict_static,10,0,0.5122,0.5099,0.0023,-0.0049,0.0091,0.0045,0.5547,True
grid4x4,0.75,bg_time_loss_s,coord_dynamic,off_strict_static,10,0,5.693e+04,5.73e+04,-367.1,-806,44.52,-260.8,0.1602,True
grid4x4,0.75,bg_max_wait_s,coord_dynamic,off_strict_static,10,0,120.5,121.1,-0.6,-8.78,7.3,1.9,1,True
grid4x4,0.75,bg_halted_s,coord_dynamic,off_strict_static,10,0,1.966e+04,1.955e+04,110.7,-156.7,363.8,189.1,0.4922,True
grid4x4,0.75,route_changes,coord_dynamic,off_strict_static,10,0,2.6,0,2.6,1.2,4.1,2.5,0.01562,True
grid4x4,0.75,preemptions,coord_dynamic,off_strict_static,10,0,5.3,0,5.3,4.6,6,5.5,0.001953,True
grid4x4,0.75,travel_s,off_realistic_dynamic,off_realistic_static,10,0,110.3,116.3,-6.06,-18.71,7.94,-2.85,0.4688,True
grid4x4,0.75,wait_s,off_realistic_dynamic,off_realistic_static,10,0,5.83,6.22,-0.39,-5.52,5.37,0,0.6875,True
grid4x4,0.75,red_stops,off_realistic_dynamic,off_realistic_static,10,0,0.7,1.2,-0.5,-0.8,-0.2,-0.5,0.0625,True
grid4x4,0.75,approach_clear_s,off_realistic_dynamic,off_realistic_static,10,0,3.11,2.97,0.14,-0.74,1.19,0,1,True
grid4x4,0.75,queue_mean,off_realistic_dynamic,off_realistic_static,10,0,0.511,0.5118,-0.0008,-0.0038,0.0019,0,0.5312,True
grid4x4,0.75,bg_time_loss_s,off_realistic_dynamic,off_realistic_static,10,0,5.744e+04,5.746e+04,-25.22,-217.2,152.5,0,1,True
grid4x4,0.75,bg_max_wait_s,off_realistic_dynamic,off_realistic_static,10,0,115.2,121.1,-5.9,-13.55,1.41,-2.9,0.1562,True
grid4x4,0.75,bg_halted_s,off_realistic_dynamic,off_realistic_static,10,0,1.962e+04,1.965e+04,-26.05,-140.5,77.22,0,0.5781,True
grid4x4,0.75,route_changes,off_realistic_dynamic,off_realistic_static,10,0,2.8,0,2.8,1.6,4,3,0.007812,True
grid4x4,0.75,preemptions,off_realistic_dynamic,off_realistic_static,10,0,0,0,0,0,0,0,1,True
grid4x4,0.75,travel_s,basic_dynamic,basic_static,10,0,84.29,89.69,-5.4,-9.75,-1.52,-1.1,0.0625,True
grid4x4,0.75,wait_s,basic_dynamic,basic_static,10,0,0.1,0.1,0,0,0,0,1,True
grid4x4,0.75,red_stops,basic_dynamic,basic_static,10,0,0,0,0,0,0,0,1,True
grid4x4,0.75,approach_clear_s,basic_dynamic,basic_static,10,0,1.25,1.52,-0.27,-0.62,-0.02,0,0.125,True
grid4x4,0.75,queue_mean,basic_dynamic,basic_static,10,0,0.5168,0.5134,0.0034,-0.0022,0.0091,0,0.4375,True
grid4x4,0.75,bg_time_loss_s,basic_dynamic,basic_static,10,0,5.712e+04,5.695e+04,163.2,-194.5,522,0,0.625,True
grid4x4,0.75,bg_max_wait_s,basic_dynamic,basic_static,10,0,115.6,122.8,-7.13,-18.68,5.33,0,0.4375,True
grid4x4,0.75,bg_halted_s,basic_dynamic,basic_static,10,0,1.985e+04,1.971e+04,138.6,-82.8,361.3,0,0.4375,True
grid4x4,0.75,route_changes,basic_dynamic,basic_static,10,0,2.8,0,2.8,1.2,4.5,2.5,0.01562,True
grid4x4,0.75,preemptions,basic_dynamic,basic_static,10,0,5.3,5.3,0,0,0,0,1,True
grid4x4,0.75,travel_s,coord_dynamic,coord_static,10,0,83.55,89.36,-5.81,-9.6,-2.23,-4.55,0.03125,True
grid4x4,0.75,wait_s,coord_dynamic,coord_static,10,0,0.1,0.1,0,0,0,0,1,True
grid4x4,0.75,red_stops,coord_dynamic,coord_static,10,0,0,0,0,0,0,0,1,True
grid4x4,0.75,approach_clear_s,coord_dynamic,coord_static,10,0,1.32,1.53,-0.21,-0.62,0.23,0,0.4375,True
grid4x4,0.75,queue_mean,coord_dynamic,coord_static,10,0,0.5122,0.514,-0.0018,-0.0076,0.0032,0,0.7812,True
grid4x4,0.75,bg_time_loss_s,coord_dynamic,coord_static,10,0,5.693e+04,5.699e+04,-66.82,-454.2,255.4,0,1,True
grid4x4,0.75,bg_max_wait_s,coord_dynamic,coord_static,10,0,120.5,121.2,-0.73,-9.22,8.34,0,0.8438,True
grid4x4,0.75,bg_halted_s,coord_dynamic,coord_static,10,0,1.966e+04,1.973e+04,-68.85,-290.1,120.3,0,0.8438,True
grid4x4,0.75,route_changes,coord_dynamic,coord_static,10,0,2.6,0,2.6,1.2,4.1,2.5,0.01562,True
grid4x4,0.75,preemptions,coord_dynamic,coord_static,10,0,5.3,5.3,0,0,0,0,1,True
grid4x4,1,travel_s,off_strict_dynamic,off_strict_static,10,0,161.1,153.6,7.48,-7.162,22.86,0,0.5625,True
grid4x4,1,wait_s,off_strict_dynamic,off_strict_static,10,0,40.79,39.06,1.73,-9.38,12.66,0,0.6875,True
grid4x4,1,red_stops,off_strict_dynamic,off_strict_static,10,0,3.1,3.2,-0.1,-0.8,0.6,0,1,True
grid4x4,1,approach_clear_s,off_strict_dynamic,off_strict_static,10,0,3.8,3.16,0.64,-0.41,1.82,0,0.5625,True
grid4x4,1,queue_mean,off_strict_dynamic,off_strict_static,10,0,0.8219,0.8218,0.0001,-0.0066,0.006702,0,1,True
grid4x4,1,bg_time_loss_s,off_strict_dynamic,off_strict_static,10,0,8.56e+04,8.564e+04,-42.67,-507.9,372.8,0,1,True
grid4x4,1,bg_max_wait_s,off_strict_dynamic,off_strict_static,10,0,155.1,148.5,6.63,-5.85,22.97,0,0.6875,True
grid4x4,1,bg_halted_s,off_strict_dynamic,off_strict_static,10,0,3.152e+04,3.153e+04,-6.77,-256.2,240.1,0,0.9375,True
grid4x4,1,route_changes,off_strict_dynamic,off_strict_static,10,0,5.2,0,5.2,2.8,8.1,3.5,0.003906,True
grid4x4,1,preemptions,off_strict_dynamic,off_strict_static,10,0,0,0,0,0,0,0,1,True
grid4x4,1,travel_s,off_realistic_static,off_strict_static,10,0,130.8,153.6,-22.76,-34.53,-11.84,-22.4,0.001953,True
grid4x4,1,wait_s,off_realistic_static,off_strict_static,10,0,15.51,39.06,-23.55,-32.27,-14.87,-21.55,0.001953,True
grid4x4,1,red_stops,off_realistic_static,off_strict_static,10,0,1.9,3.2,-1.3,-1.8,-0.8,-1,0.007812,True
grid4x4,1,approach_clear_s,off_realistic_static,off_strict_static,10,0,2.89,3.16,-0.27,-1.83,1.05,0.1,1,True
grid4x4,1,queue_mean,off_realistic_static,off_strict_static,10,0,0.8293,0.8218,0.0075,-0.001,0.0152,0.008,0.08984,True
grid4x4,1,bg_time_loss_s,off_realistic_static,off_strict_static,10,0,8.626e+04,8.564e+04,618.3,26.63,1172,588.7,0.08398,True
grid4x4,1,bg_max_wait_s,off_realistic_static,off_strict_static,10,0,149.6,148.5,1.1,-9.52,12.54,-1.1,1,True
grid4x4,1,bg_halted_s,off_realistic_static,off_strict_static,10,0,3.182e+04,3.153e+04,298.3,-33.85,597.9,316.9,0.08398,True
grid4x4,1,route_changes,off_realistic_static,off_strict_static,10,0,0,0,0,0,0,0,1,True
grid4x4,1,preemptions,off_realistic_static,off_strict_static,10,0,0,0,0,0,0,0,1,True
grid4x4,1,travel_s,off_realistic_dynamic,off_strict_static,10,0,142.1,153.6,-11.43,-29.27,9.34,-21.5,0.2754,True
grid4x4,1,wait_s,off_realistic_dynamic,off_strict_static,10,0,18.68,39.06,-20.38,-31.81,-6.8,-20.1,0.03711,True
grid4x4,1,red_stops,off_realistic_dynamic,off_strict_static,10,0,1.8,3.2,-1.4,-2,-0.8,-1.5,0.007812,True
grid4x4,1,approach_clear_s,off_realistic_dynamic,off_strict_static,10,0,3.19,3.16,0.03,-1.68,1.49,0.8,0.7695,True
grid4x4,1,queue_mean,off_realistic_dynamic,off_strict_static,10,0,0.8289,0.8218,0.0071,0.0013,0.0132,0.0045,0.08008,True
grid4x4,1,bg_time_loss_s,off_realistic_dynamic,off_strict_static,10,0,8.618e+04,8.564e+04,533.7,180.2,896.7,588.7,0.01367,True
grid4x4,1,bg_max_wait_s,off_realistic_dynamic,off_strict_static,10,0,153,148.5,4.49,-4.49,14.55,2.15,0.5566,True
grid4x4,1,bg_halted_s,off_realistic_dynamic,off_strict_static,10,0,3.181e+04,3.153e+04,282.4,64.02,510,191.4,0.08398,True
grid4x4,1,route_changes,off_realistic_dynamic,off_strict_static,10,0,4.5,0,4.5,2.1,7.4,3,0.003906,True
grid4x4,1,preemptions,off_realistic_dynamic,off_strict_static,10,0,0,0,0,0,0,0,1,True
grid4x4,1,travel_s,basic_static,off_strict_static,10,0,93.25,153.6,-60.32,-88.15,-37.68,-50.6,0.001953,True
grid4x4,1,wait_s,basic_static,off_strict_static,10,0,0.1,39.06,-38.96,-57.19,-23.31,-35.9,0.001953,True
grid4x4,1,red_stops,basic_static,off_strict_static,10,0,0,3.2,-3.2,-4,-2.4,-3,0.001953,True
grid4x4,1,approach_clear_s,basic_static,off_strict_static,10,0,1.16,3.16,-2,-3.48,-0.54,-2.3,0.06445,True
grid4x4,1,queue_mean,basic_static,off_strict_static,10,0,0.8277,0.8218,0.0059,-0.0103,0.0196,0.0095,0.3125,True
grid4x4,1,bg_time_loss_s,basic_static,off_strict_static,10,0,8.559e+04,8.564e+04,-49.78,-972.3,784.5,-98.5,1,True
grid4x4,1,bg_max_wait_s,basic_static,off_strict_static,10,0,153.8,148.5,5.36,-11.96,23.45,6.4,0.5566,True
grid4x4,1,bg_halted_s,basic_static,off_strict_static,10,0,3.178e+04,3.153e+04,250.4,-370.8,775.5,386.1,0.2324,True
grid4x4,1,route_changes,basic_static,off_strict_static,10,0,0,0,0,0,0,0,1,True
grid4x4,1,preemptions,basic_static,off_strict_static,10,0,5.3,0,5.3,4.6,6,5.5,0.001953,True
grid4x4,1,travel_s,basic_dynamic,off_strict_static,10,0,91.45,153.6,-62.12,-85.68,-40.75,-55.25,0.001953,True
grid4x4,1,wait_s,basic_dynamic,off_strict_static,10,0,0.34,39.06,-38.72,-57,-22.89,-35.9,0.001953,True
grid4x4,1,red_stops,basic_dynamic,off_strict_static,10,0,0,3.2,-3.2,-4,-2.4,-3,0.001953,True
grid4x4,1,approach_clear_s,basic_dynamic,off_strict_static,10,0,1.1,3.16,-2.06,-3.56,-0.6,-2.15,0.05469,True
grid4x4,1,queue_mean,basic_dynamic,off_strict_static,10,0,0.8212,0.8218,-0.0006,-0.022,0.0194,0.0025,0.9434,True
grid4x4,1,bg_time_loss_s,basic_dynamic,off_strict_static,10,0,8.51e+04,8.564e+04,-542.6,-1766,636,-478.5,0.4316,True
grid4x4,1,bg_max_wait_s,basic_dynamic,off_strict_static,10,0,151.8,148.5,3.3,-12.2,20.27,2.65,0.9219,True
grid4x4,1,bg_halted_s,basic_dynamic,off_strict_static,10,0,3.153e+04,3.153e+04,0.07,-823.2,768.5,96.05,1,True
grid4x4,1,route_changes,basic_dynamic,off_strict_static,10,0,3,0,3,1.4,4.7,3,0.01562,True
grid4x4,1,preemptions,basic_dynamic,off_strict_static,10,0,5.5,0,5.5,4.7,6.3,6,0.001953,True
grid4x4,1,travel_s,coord_static,off_strict_static,10,0,93.71,153.6,-59.86,-86.9,-37.84,-53.3,0.001953,True
grid4x4,1,wait_s,coord_static,off_strict_static,10,0,0.1,39.06,-38.96,-57.19,-23.31,-35.9,0.001953,True
grid4x4,1,red_stops,coord_static,off_strict_static,10,0,0,3.2,-3.2,-4,-2.4,-3,0.001953,True
grid4x4,1,approach_clear_s,coord_static,off_strict_static,10,0,1.3,3.16,-1.86,-3.63,-0.26,-0.9,0.1602,True
grid4x4,1,queue_mean,coord_static,off_strict_static,10,0,0.8266,0.8218,0.0048,-0.0076,0.0194,0.0015,0.8242,True
grid4x4,1,bg_time_loss_s,coord_static,off_strict_static,10,0,8.556e+04,8.564e+04,-81.22,-869.5,819.1,-192.8,0.5566,True
grid4x4,1,bg_max_wait_s,coord_static,off_strict_static,10,0,146.7,148.5,-1.78,-13.6,9.41,-0.85,1,True
grid4x4,1,bg_halted_s,coord_static,off_strict_static,10,0,3.174e+04,3.153e+04,211,-267.3,775,90.1,0.6953,True
grid4x4,1,route_changes,coord_static,off_strict_static,10,0,0,0,0,0,0,0,1,True
grid4x4,1,preemptions,coord_static,off_strict_static,10,0,5.3,0,5.3,4.6,6,5.5,0.001953,True
grid4x4,1,travel_s,coord_dynamic,off_strict_static,10,0,91.3,153.6,-62.27,-86.56,-40.32,-55.1,0.001953,True
grid4x4,1,wait_s,coord_dynamic,off_strict_static,10,0,0.15,39.06,-38.91,-57.15,-23.2,-35.9,0.001953,True
grid4x4,1,red_stops,coord_dynamic,off_strict_static,10,0,0,3.2,-3.2,-4,-2.4,-3,0.001953,True
grid4x4,1,approach_clear_s,coord_dynamic,off_strict_static,10,0,1.36,3.16,-1.8,-3.48,-0.35,-1.65,0.05469,True
grid4x4,1,queue_mean,coord_dynamic,off_strict_static,10,0,0.8198,0.8218,-0.002,-0.0167,0.0111,0.004,0.9434,True
grid4x4,1,bg_time_loss_s,coord_dynamic,off_strict_static,10,0,8.511e+04,8.564e+04,-529.7,-1530,313.1,217.4,0.4922,True
grid4x4,1,bg_max_wait_s,coord_dynamic,off_strict_static,10,0,142.2,148.5,-6.31,-15.68,2.65,-6.7,0.375,True
grid4x4,1,bg_halted_s,coord_dynamic,off_strict_static,10,0,3.148e+04,3.153e+04,-48.63,-621.8,458.3,218.2,1,True
grid4x4,1,route_changes,coord_dynamic,off_strict_static,10,0,2.5,0,2.5,1,4.2,1.5,0.01562,True
grid4x4,1,preemptions,coord_dynamic,off_strict_static,10,0,5.5,0,5.5,4.7,6.3,6,0.001953,True
grid4x4,1,travel_s,off_realistic_dynamic,off_realistic_static,10,0,142.1,130.8,11.33,-2.54,28.38,0,0.3125,True
grid4x4,1,wait_s,off_realistic_dynamic,off_realistic_static,10,0,18.68,15.51,3.17,-0.79,9.61,0,0.8125,True
grid4x4,1,red_stops,off_realistic_dynamic,off_realistic_static,10,0,1.8,1.9,-0.1,-0.7,0.4,0,1,True
grid4x4,1,approach_clear_s,off_realistic_dynamic,off_realistic_static,10,0,3.19,2.89,0.3,-0.3,1.12,0,0.625,True
grid4x4,1,queue_mean,off_realistic_dynamic,off_realistic_static,10,0,0.8289,0.8293,-0.0004,-0.0068,0.0064,0,1,True
grid4x4,1,bg_time_loss_s,off_realistic_dynamic,off_realistic_static,10,0,8.618e+04,8.626e+04,-84.61,-434.7,264.4,0,0.625,True
grid4x4,1,bg_max_wait_s,off_realistic_dynamic,off_realistic_static,10,0,153,149.6,3.39,-7.57,14.54,0,0.625,True
grid4x4,1,bg_halted_s,off_realistic_dynamic,off_realistic_static,10,0,3.181e+04,3.182e+04,-15.93,-247.4,228.1,0,0.8125,True
grid4x4,1,route_changes,off_realistic_dynamic,off_realistic_static,10,0,4.5,0,4.5,2.1,7.4,3,0.003906,True
grid4x4,1,preemptions,off_realistic_dynamic,off_realistic_static,10,0,0,0,0,0,0,0,1,True
grid4x4,1,travel_s,basic_dynamic,basic_static,10,0,91.45,93.25,-1.8,-8.48,4.91,0,0.6875,True
grid4x4,1,wait_s,basic_dynamic,basic_static,10,0,0.34,0.1,0.24,0,0.72,0,1,True
grid4x4,1,red_stops,basic_dynamic,basic_static,10,0,0,0,0,0,0,0,1,True
grid4x4,1,approach_clear_s,basic_dynamic,basic_static,10,0,1.1,1.16,-0.06,-0.4,0.35,0,0.5625,True
grid4x4,1,queue_mean,basic_dynamic,basic_static,10,0,0.8212,0.8277,-0.0065,-0.029,0.0102,0,0.9375,True
grid4x4,1,bg_time_loss_s,basic_dynamic,basic_static,10,0,8.51e+04,8.559e+04,-492.8,-1866,518.9,0,0.6875,True
grid4x4,1,bg_max_wait_s,basic_dynamic,basic_static,10,0,151.8,153.8,-2.06,-16.27,7.38,0,0.5625,True
grid4x4,1,bg_halted_s,basic_dynamic,basic_static,10,0,3.153e+04,3.178e+04,-250.3,-1112,389.9,0,1,True
grid4x4,1,route_changes,basic_dynamic,basic_static,10,0,3,0,3,1.4,4.7,3,0.01562,True
grid4x4,1,preemptions,basic_dynamic,basic_static,10,0,5.5,5.3,0.2,0,0.6,0,1,True
grid4x4,1,travel_s,coord_dynamic,coord_static,10,0,91.3,93.71,-2.41,-8.79,4.01,0,0.5625,True
grid4x4,1,wait_s,coord_dynamic,coord_static,10,0,0.15,0.1,0.05,0,0.15,0,1,True
grid4x4,1,red_stops,coord_dynamic,coord_static,10,0,0,0,0,0,0,0,1,True
grid4x4,1,approach_clear_s,coord_dynamic,coord_static,10,0,1.36,1.3,0.06,-0.42,0.52,0,1,True
grid4x4,1,queue_mean,coord_dynamic,coord_static,10,0,0.8198,0.8266,-0.0068,-0.0233,0.0066,0,0.6875,True
grid4x4,1,bg_time_loss_s,coord_dynamic,coord_static,10,0,8.511e+04,8.556e+04,-448.5,-1536,421.1,0,0.6875,True
grid4x4,1,bg_max_wait_s,coord_dynamic,coord_static,10,0,142.2,146.7,-4.53,-11.57,1.771,-2.6,0.3125,True
grid4x4,1,bg_halted_s,coord_dynamic,coord_static,10,0,3.148e+04,3.174e+04,-259.6,-895.7,254.9,0,0.6875,True
grid4x4,1,route_changes,coord_dynamic,coord_static,10,0,2.5,0,2.5,1,4.2,1.5,0.01562,True
grid4x4,1,preemptions,coord_dynamic,coord_static,10,0,5.5,5.3,0.2,0,0.6,0,1,True
grid4x4,1.5,travel_s,off_strict_dynamic,off_strict_static,40,0,195.6,197.1,-1.55,-23.27,19.36,0,0.9911,True
grid4x4,1.5,wait_s,off_strict_dynamic,off_strict_static,40,0,62.02,56.47,5.545,-8.705,18.5,0.05,0.1937,True
grid4x4,1.5,red_stops,off_strict_dynamic,off_strict_static,40,0,3.25,3.575,-0.325,-0.8,0.1,0,0.1986,True
grid4x4,1.5,approach_clear_s,off_strict_dynamic,off_strict_static,40,0,4.76,5.36,-0.6,-1.498,0.245,0,0.1642,True
grid4x4,1.5,queue_mean,off_strict_dynamic,off_strict_static,40,0,1.975,1.974,0.0009,-0.006425,0.007775,0,0.6117,True
grid4x4,1.5,bg_time_loss_s,off_strict_dynamic,off_strict_static,40,0,1.906e+05,1.906e+05,10.99,-477.6,469,0,0.9769,True
grid4x4,1.5,bg_max_wait_s,off_strict_dynamic,off_strict_static,40,0,240.2,241.3,-1.157,-5.515,3.4,0,0.3992,True
grid4x4,1.5,bg_halted_s,off_strict_dynamic,off_strict_static,40,0,7.578e+04,7.575e+04,28.48,-248.9,287.2,0,0.6919,True
grid4x4,1.5,route_changes,off_strict_dynamic,off_strict_static,40,0,6.775,0,6.775,5.225,8.45,5.5,2.91e-11,True
grid4x4,1.5,preemptions,off_strict_dynamic,off_strict_static,40,0,0,0,0,0,0,0,1,True
grid4x4,1.5,travel_s,off_realistic_static,off_strict_static,40,0,170.6,197.1,-26.54,-37.52,-16.74,-18.15,3.418e-07,True
grid4x4,1.5,wait_s,off_realistic_static,off_strict_static,40,0,32.34,56.47,-24.13,-32.91,-16.38,-19.85,1.537e-08,True
grid4x4,1.5,red_stops,off_realistic_static,off_strict_static,40,0,2.525,3.575,-1.05,-1.45,-0.65,-1,2.617e-05,True
grid4x4,1.5,approach_clear_s,off_realistic_static,off_strict_static,40,0,5.013,5.36,-0.3475,-1.28,0.5625,0,0.7053,True
grid4x4,1.5,queue_mean,off_realistic_static,off_strict_static,40,0,1.973,1.974,-0.000975,-0.0063,0.004425,0,0.8141,True
grid4x4,1.5,bg_time_loss_s,off_realistic_static,off_strict_static,40,0,1.905e+05,1.906e+05,-88.81,-441.6,300,-45.2,0.3794,True
grid4x4,1.5,bg_max_wait_s,off_realistic_static,off_strict_static,40,0,244.7,241.3,3.42,-1.115,8.34,0,0.4589,True
grid4x4,1.5,bg_halted_s,off_realistic_static,off_strict_static,40,0,7.574e+04,7.575e+04,-15.77,-220.6,190.2,0,1,True
grid4x4,1.5,route_changes,off_realistic_static,off_strict_static,40,0,0,0,0,0,0,0,1,True
grid4x4,1.5,preemptions,off_realistic_static,off_strict_static,40,0,0,0,0,0,0,0,1,True
grid4x4,1.5,travel_s,off_realistic_dynamic,off_strict_static,40,0,164.2,197.1,-32.91,-54.53,-13.15,-29.4,0.002339,True
grid4x4,1.5,wait_s,off_realistic_dynamic,off_strict_static,40,0,32.12,56.47,-24.35,-38.56,-11.49,-21.2,0.0002159,True
grid4x4,1.5,red_stops,off_realistic_dynamic,off_strict_static,40,0,1.925,3.575,-1.65,-2.1,-1.2,-2,7.451e-09,True
grid4x4,1.5,approach_clear_s,off_realistic_dynamic,off_strict_static,40,0,4.98,5.36,-0.38,-1.593,0.8,0,0.8165,True
grid4x4,1.5,queue_mean,off_realistic_dynamic,off_strict_static,40,0,1.975,1.974,0.0008,-0.006225,0.0076,0.002,0.765,True
grid4x4,1.5,bg_time_loss_s,off_realistic_dynamic,off_strict_static,40,0,1.905e+05,1.906e+05,-59.95,-571.7,432.2,0,0.9938,True
grid4x4,1.5,bg_max_wait_s,off_realistic_dynamic,off_strict_static,40,0,243.1,241.3,1.835,-2.698,6.525,-0.9,0.6329,True
grid4x4,1.5,bg_halted_s,off_realistic_dynamic,off_strict_static,40,0,7.581e+04,7.575e+04,53.13,-214.7,310.2,93.5,0.6028,True
grid4x4,1.5,route_changes,off_realistic_dynamic,off_strict_static,40,0,5.75,0,5.75,4.225,7.425,4.5,2.328e-10,True
grid4x4,1.5,preemptions,off_realistic_dynamic,off_strict_static,40,0,0,0,0,0,0,0,1,True
grid4x4,1.5,travel_s,basic_static,off_strict_static,40,0,93.84,197.1,-103.3,-121.9,-85.94,-84.7,1.819e-12,True
grid4x4,1.5,wait_s,basic_static,off_strict_static,40,0,0.1,56.47,-56.37,-68.7,-45.44,-42.65,1.819e-12,True
grid4x4,1.5,red_stops,basic_static,off_strict_static,40,0,0,3.575,-3.575,-4,-3.175,-4,1.819e-12,True
grid4x4,1.5,approach_clear_s,basic_static,off_strict_static,40,0,1.508,5.36,-3.853,-4.848,-2.883,-4.4,6.286e-09,True
grid4x4,1.5,queue_mean,basic_static,off_strict_static,40,0,1.98,1.974,0.00595,-0.009326,0.01932,0.015,0.09356,True
grid4x4,1.5,bg_time_loss_s,basic_static,off_strict_static,40,0,1.907e+05,1.906e+05,60.33,-1064,1024,404.3,0.3269,True
grid4x4,1.5,bg_max_wait_s,basic_static,off_strict_static,40,0,235.7,241.3,-5.607,-14.02,2.448,-3.5,0.2549,True
grid4x4,1.5,bg_halted_s,basic_static,off_strict_static,40,0,7.603e+04,7.575e+04,281.9,-304.8,795.1,646.2,0.06027,True
grid4x4,1.5,route_changes,basic_static,off_strict_static,40,0,0,0,0,0,0,0,1,True
grid4x4,1.5,preemptions,basic_static,off_strict_static,40,0,5.2,0,5.2,4.9,5.5,5,1.819e-12,True
grid4x4,1.5,travel_s,basic_dynamic,off_strict_static,40,0,95.91,197.1,-101.2,-119.9,-83.73,-81.75,1.819e-12,True
grid4x4,1.5,wait_s,basic_dynamic,off_strict_static,40,0,0.1,56.47,-56.37,-68.7,-45.44,-42.65,1.819e-12,True
grid4x4,1.5,red_stops,basic_dynamic,off_strict_static,40,0,0,3.575,-3.575,-4,-3.175,-4,1.819e-12,True
grid4x4,1.5,approach_clear_s,basic_dynamic,off_strict_static,40,0,1.508,5.36,-3.853,-4.853,-2.882,-4,8.92e-09,True
grid4x4,1.5,queue_mean,basic_dynamic,off_strict_static,40,0,1.985,1.974,0.01073,-0.005875,0.0269,0.014,0.05755,True
grid4x4,1.5,bg_time_loss_s,basic_dynamic,off_strict_static,40,0,1.909e+05,1.906e+05,329.8,-955.2,1534,810.4,0.2265,True
grid4x4,1.5,bg_max_wait_s,basic_dynamic,off_strict_static,40,0,233.9,241.3,-7.385,-15.61,0.5002,-5,0.0842,True
grid4x4,1.5,bg_halted_s,basic_dynamic,off_strict_static,40,0,7.622e+04,7.575e+04,466.7,-173.9,1095,605.8,0.03685,True
grid4x4,1.5,route_changes,basic_dynamic,off_strict_static,40,0,4.225,0,4.225,3.275,5.2,4,2.328e-10,True
grid4x4,1.5,preemptions,basic_dynamic,off_strict_static,40,0,5.3,0,5.3,4.975,5.625,5,1.819e-12,True
grid4x4,1.5,travel_s,coord_static,off_strict_static,40,0,94.6,197.1,-102.5,-121.2,-85.29,-83.1,1.819e-12,True
grid4x4,1.5,wait_s,coord_static,off_strict_static,40,0,0.1,56.47,-56.37,-68.7,-45.44,-42.65,1.819e-12,True
grid4x4,1.5,red_stops,coord_static,off_strict_static,40,0,0,3.575,-3.575,-4,-3.175,-4,1.819e-12,True
grid4x4,1.5,approach_clear_s,coord_static,off_strict_static,40,0,1.62,5.36,-3.74,-4.71,-2.798,-3.85,8.848e-09,True
grid4x4,1.5,queue_mean,coord_static,off_strict_static,40,0,1.972,1.974,-0.002225,-0.0162,0.01135,-0.0025,0.8065,True
grid4x4,1.5,bg_time_loss_s,coord_static,off_strict_static,40,0,1.904e+05,1.906e+05,-183.5,-1240,804.9,268.1,0.91,True
grid4x4,1.5,bg_max_wait_s,coord_static,off_strict_static,40,0,235.3,241.3,-6.022,-14.28,1.658,-6.7,0.2535,True
grid4x4,1.5,bg_halted_s,coord_static,off_strict_static,40,0,7.572e+04,7.575e+04,-30.67,-566.7,489.9,-13.45,0.9947,True
grid4x4,1.5,route_changes,coord_static,off_strict_static,40,0,0,0,0,0,0,0,1,True
grid4x4,1.5,preemptions,coord_static,off_strict_static,40,0,5.2,0,5.2,4.9,5.5,5,1.819e-12,True
grid4x4,1.5,travel_s,coord_dynamic,off_strict_static,40,0,97.28,197.1,-99.83,-118.1,-82.74,-80,1.819e-12,True
grid4x4,1.5,wait_s,coord_dynamic,off_strict_static,40,0,0.44,56.47,-56.03,-68.26,-45.18,-42.65,1.819e-12,True
grid4x4,1.5,red_stops,coord_dynamic,off_strict_static,40,0,0.025,3.575,-3.55,-3.95,-3.15,-4,1.819e-12,True
grid4x4,1.5,approach_clear_s,coord_dynamic,off_strict_static,40,0,1.595,5.36,-3.765,-4.772,-2.772,-3.8,2.158e-08,True
grid4x4,1.5,queue_mean,coord_dynamic,off_strict_static,40,0,1.986,1.974,0.0116,-0.003876,0.02733,0.012,0.1635,True
grid4x4,1.5,bg_time_loss_s,coord_dynamic,off_strict_static,40,0,1.913e+05,1.906e+05,681,-505.7,1821,1368,0.1701,True
grid4x4,1.5,bg_max_wait_s,coord_dynamic,off_strict_static,40,0,239.6,241.3,-1.665,-9.365,5.238,0.9,0.8811,True
grid4x4,1.5,bg_halted_s,coord_dynamic,off_strict_static,40,0,7.625e+04,7.575e+04,502.5,-92.53,1109,514.8,0.1,True
grid4x4,1.5,route_changes,coord_dynamic,off_strict_static,40,0,4.275,0,4.275,3.4,5.15,4.5,2.328e-10,True
grid4x4,1.5,preemptions,coord_dynamic,off_strict_static,40,0,5.45,0,5.45,5.05,5.875,5,1.819e-12,True
grid4x4,1.5,travel_s,off_realistic_dynamic,off_realistic_static,40,0,164.2,170.6,-6.365,-27.71,15.14,0,0.3272,True
grid4x4,1.5,wait_s,off_realistic_dynamic,off_realistic_static,40,0,32.12,32.34,-0.2175,-12.04,12.16,0,0.5326,True
grid4x4,1.5,red_stops,off_realistic_dynamic,off_realistic_static,40,0,1.925,2.525,-0.6,-1.1,-0.125,0,0.02319,True
grid4x4,1.5,approach_clear_s,off_realistic_dynamic,off_realistic_static,40,0,4.98,5.013,-0.0325,-1.15,1.095,0,0.8779,True
grid4x4,1.5,queue_mean,off_realistic_dynamic,off_realistic_static,40,0,1.975,1.973,0.001775,-0.00525,0.008875,0,0.666,True
grid4x4,1.5,bg_time_loss_s,off_realistic_dynamic,off_realistic_static,40,0,1.905e+05,1.905e+05,28.85,-435.4,503.3,0,0.983,True
grid4x4,1.5,bg_max_wait_s,off_realistic_dynamic,off_realistic_static,40,0,243.1,244.7,-1.585,-6.082,3.01,0,0.4138,True
grid4x4,1.5,bg_halted_s,off_realistic_dynamic,off_realistic_static,40,0,7.581e+04,7.574e+04,68.9,-198.1,342,0,0.6239,True
grid4x4,1.5,route_changes,off_realistic_dynamic,off_realistic_static,40,0,5.75,0,5.75,4.225,7.425,4.5,2.328e-10,True
grid4x4,1.5,preemptions,off_realistic_dynamic,off_realistic_static,40,0,0,0,0,0,0,0,1,True
grid4x4,1.5,travel_s,basic_dynamic,basic_static,40,0,95.91,93.84,2.07,-0.8525,5.18,0,0.1978,True
grid4x4,1.5,wait_s,basic_dynamic,basic_static,40,0,0.1,0.1,0,0,0,0,1,True
grid4x4,1.5,red_stops,basic_dynamic,basic_static,40,0,0,0,0,0,0,0,1,True
grid4x4,1.5,approach_clear_s,basic_dynamic,basic_static,40,0,1.508,1.508,1.665e-17,-0.1375,0.14,0,0.8872,True
grid4x4,1.5,queue_mean,basic_dynamic,basic_static,40,0,1.985,1.98,0.004775,-0.005801,0.01743,0,0.7812,True
grid4x4,1.5,bg_time_loss_s,basic_dynamic,basic_static,40,0,1.909e+05,1.907e+05,269.4,-495.5,1108,0,0.6277,True
grid4x4,1.5,bg_max_wait_s,basic_dynamic,basic_static,40,0,233.9,235.7,-1.777,-6.783,3.508,0,0.427,True
grid4x4,1.5,bg_halted_s,basic_dynamic,basic_static,40,0,7.622e+04,7.603e+04,184.8,-223,669.8,0,0.8223,True
grid4x4,1.5,route_changes,basic_dynamic,basic_static,40,0,4.225,0,4.225,3.275,5.2,4,2.328e-10,True
grid4x4,1.5,preemptions,basic_dynamic,basic_static,40,0,5.3,5.2,0.1,0,0.25,0,0.5,True
grid4x4,1.5,travel_s,coord_dynamic,coord_static,40,0,97.28,94.6,2.675,-1.448,7.13,0,0.2267,True
grid4x4,1.5,wait_s,coord_dynamic,coord_static,40,0,0.44,0.1,0.34,0,0.8925,0,0.5,True
grid4x4,1.5,red_stops,coord_dynamic,coord_static,40,0,0.025,0,0.025,0,0.075,0,1,True
grid4x4,1.5,approach_clear_s,coord_dynamic,coord_static,40,0,1.595,1.62,-0.025,-0.2875,0.245,0,0.8465,True
grid4x4,1.5,queue_mean,coord_dynamic,coord_static,40,0,1.986,1.972,0.01383,-0.000275,0.0288,0,0.1017,True
grid4x4,1.5,bg_time_loss_s,coord_dynamic,coord_static,40,0,1.913e+05,1.904e+05,864.6,-137.2,1907,0,0.1775,True
grid4x4,1.5,bg_max_wait_s,coord_dynamic,coord_static,40,0,239.6,235.3,4.358,-0.9652,9.895,0,0.1551,True
grid4x4,1.5,bg_halted_s,coord_dynamic,coord_static,40,0,7.625e+04,7.572e+04,533.1,-10.41,1108,0,0.1004,True
grid4x4,1.5,route_changes,coord_dynamic,coord_static,40,0,4.275,0,4.275,3.4,5.15,4.5,2.328e-10,True
grid4x4,1.5,preemptions,coord_dynamic,coord_static,40,0,5.45,5.2,0.25,0.05,0.525,0,0.0625,True
grid4x4,2,travel_s,off_strict_dynamic,off_strict_static,10,0,179.7,212.4,-32.66,-109,14.23,0,1,True
grid4x4,2,wait_s,off_strict_dynamic,off_strict_static,10,0,44.55,56.35,-11.8,-48.56,13.33,0,1,True
grid4x4,2,red_stops,off_strict_dynamic,off_strict_static,10,0,2.7,3.1,-0.4,-1.3,0.2,0,0.75,True
grid4x4,2,approach_clear_s,off_strict_dynamic,off_strict_static,10,0,6.83,7.64,-0.81,-3.07,1.27,0,0.625,True
grid4x4,2,queue_mean,off_strict_dynamic,off_strict_static,10,0,3.678,3.704,-0.0258,-0.06301,0.0053,0,0.1875,True
grid4x4,2,bg_time_loss_s,off_strict_dynamic,off_strict_static,10,0,3.416e+05,3.438e+05,-2236,-4447,-162.3,0,0.125,True
grid4x4,2,bg_max_wait_s,off_strict_dynamic,off_strict_static,10,0,325,321.3,3.64,-8.18,17.48,0,0.8125,True
grid4x4,2,bg_halted_s,off_strict_dynamic,off_strict_static,10,0,1.412e+05,1.422e+05,-974.9,-2386,212.8,0,0.1875,True
grid4x4,2,route_changes,off_strict_dynamic,off_strict_static,10,0,5,0,5,2,8.1,4,0.03125,True
grid4x4,2,preemptions,off_strict_dynamic,off_strict_static,10,0,0,0,0,0,0,0,1,True
grid4x4,2,travel_s,off_realistic_static,off_strict_static,9,1,143.4,177.7,-34.37,-73.21,-6.589,-0.1,0.0625,True
grid4x4,2,wait_s,off_realistic_static,off_strict_static,9,1,19.89,42.2,-22.31,-43.14,-6.067,-5.9,0.0625,True
grid4x4,2,red_stops,off_realistic_static,off_strict_static,9,1,1.667,2.889,-1.222,-2.222,-0.3333,-1,0.0625,True
grid4x4,2,approach_clear_s,off_realistic_static,off_strict_static,9,1,6.022,7.111,-1.089,-2.544,0.08889,0,0.1875,True
grid4x4,2,queue_mean,off_realistic_static,off_strict_static,9,1,3.608,3.622,-0.01378,-0.02933,0.0004444,0,0.1875,True
grid4x4,2,bg_time_loss_s,off_realistic_static,off_strict_static,9,1,3.378e+05,3.39e+05,-1242,-2712,300.6,0,0.1875,True
grid4x4,2,bg_max_wait_s,off_realistic_static,off_strict_static,9,1,321.5,323.7,-2.189,-11.28,6,0,0.8125,True
grid4x4,2,bg_halted_s,off_realistic_static,off_strict_static,9,1,1.385e+05,1.39e+05,-506.4,-1090,32.91,0,0.1875,True
grid4x4,2,route_changes,off_realistic_static,off_strict_static,9,1,0,0,0,0,0,0,1,True
grid4x4,2,preemptions,off_realistic_static,off_strict_static,9,1,0,0,0,0,0,0,1,True
grid4x4,2,travel_s,off_realistic_dynamic,off_strict_static,10,0,148.2,212.4,-64.22,-148.2,-5.509,-14.45,0.07812,True
grid4x4,2,wait_s,off_realistic_dynamic,off_strict_static,10,0,25.3,56.35,-31.05,-68.24,-4.23,-14.3,0.05469,True
grid4x4,2,red_stops,off_realistic_dynamic,off_strict_static,10,0,1.9,3.1,-1.2,-2.1,-0.3,-1,0.0625,True
grid4x4,2,approach_clear_s,off_realistic_dynamic,off_strict_static,10,0,6.5,7.64,-1.14,-3.85,1.68,-0.05,0.4688,True
grid4x4,2,queue_mean,off_realistic_dynamic,off_strict_static,10,0,3.69,3.704,-0.0135,-0.06091,0.0264,0,0.8438,True
grid4x4,2,bg_time_loss_s,off_realistic_dynamic,off_strict_static,10,0,3.415e+05,3.438e+05,-2302,-4808,20.75,-1152,0.1484,True
grid4x4,2,bg_max_wait_s,off_realistic_dynamic,off_strict_static,10,0,330.2,321.3,8.88,-5.4,26.04,0.75,0.5469,True
grid4x4,2,bg_halted_s,off_realistic_dynamic,off_strict_static,10,0,1.417e+05,1.422e+05,-482.7,-2274,1045,0,0.8438,True
grid4x4,2,route_changes,off_realistic_dynamic,off_strict_static,10,0,4.6,0,4.6,1.8,7.6,3,0.0625,True
grid4x4,2,preemptions,off_realistic_dynamic,off_strict_static,10,0,0,0,0,0,0,0,1,True
grid4x4,2,travel_s,basic_static,off_strict_static,10,0,99.22,212.4,-113.2,-189.6,-57.29,-79.25,0.001953,True
grid4x4,2,wait_s,basic_static,off_strict_static,10,0,0.32,56.35,-56.03,-91.57,-27.89,-41.5,0.001953,True
grid4x4,2,red_stops,basic_static,off_strict_static,10,0,0,3.1,-3.1,-4.3,-2,-3,0.001953,True
grid4x4,2,approach_clear_s,basic_static,off_strict_static,10,0,1.33,7.64,-6.31,-7.69,-4.61,-6.85,0.001953,True
grid4x4,2,queue_mean,basic_static,off_strict_static,10,0,3.738,3.704,0.0341,-0.0226,0.0871,0.05,0.416,True
grid4x4,2,bg_time_loss_s,basic_static,off_strict_static,10,0,3.451e+05,3.438e+05,1290,-630.9,3109,1899,0.2754,True
grid4x4,2,bg_max_wait_s,basic_static,off_strict_static,10,0,326.6,321.3,5.25,-17.62,31.25,-8.4,0.9219,True
grid4x4,2,bg_halted_s,basic_static,off_strict_static,10,0,1.435e+05,1.422e+05,1368,-787.1,3393,1929,0.3223,True
grid4x4,2,route_changes,basic_static,off_strict_static,10,0,0,0,0,0,0,0,1,True
grid4x4,2,preemptions,basic_static,off_strict_static,10,0,5.3,0,5.3,4.6,6,5.5,0.001953,True
grid4x4,2,travel_s,basic_dynamic,off_strict_static,10,0,93.55,212.4,-118.8,-192.7,-62.37,-83.75,0.001953,True
grid4x4,2,wait_s,basic_dynamic,off_strict_static,10,0,0.1,56.35,-56.25,-91.71,-28.17,-41.5,0.001953,True
grid4x4,2,red_stops,basic_dynamic,off_strict_static,10,0,0,3.1,-3.1,-4.3,-2,-3,0.001953,True
grid4x4,2,approach_clear_s,basic_dynamic,off_strict_static,10,0,1.3,7.64,-6.34,-7.8,-4.7,-6.45,0.001953,True
grid4x4,2,queue_mean,basic_dynamic,off_strict_static,10,0,3.747,3.704,0.0433,-0.0049,0.088,0.043,0.1055,True
grid4x4,2,bg_time_loss_s,basic_dynamic,off_strict_static,10,0,3.462e+05,3.438e+05,2350,-254.6,5414,1911,0.2324,True
grid4x4,2,bg_max_wait_s,basic_dynamic,off_strict_static,10,0,325.3,321.3,3.95,-17.52,24.46,15.05,0.7695,True
grid4x4,2,bg_halted_s,basic_dynamic,off_strict_static,10,0,1.439e+05,1.422e+05,1722,-112.6,3430,1681,0.1055,True
grid4x4,2,route_changes,basic_dynamic,off_strict_static,10,0,3.6,0,3.6,1.8,5.6,2.5,0.007812,True
grid4x4,2,preemptions,basic_dynamic,off_strict_static,10,0,5.3,0,5.3,4.6,6,5.5,0.001953,True
grid4x4,2,travel_s,coord_static,off_strict_static,10,0,95.83,212.4,-116.5,-195.8,-58.12,-79.45,0.001953,True
grid4x4,2,wait_s,coord_static,off_strict_static,10,0,0.36,56.35,-55.99,-91.57,-27.85,-41.5,0.001953,True
grid4x4,2,red_stops,coord_static,off_strict_static,10,0,0,3.1,-3.1,-4.3,-2,-3,0.001953,True
grid4x4,2,approach_clear_s,coord_static,off_strict_static,10,0,1.09,7.64,-6.55,-7.99,-4.88,-7,0.001953,True
grid4x4,2,queue_mean,coord_static,off_strict_static,10,0,3.75,3.704,0.0461,-0.019,0.1134,0.0355,0.3223,True
grid4x4,2,bg_time_loss_s,coord_static,off_strict_static,10,0,3.452e+05,3.438e+05,1340,-1469,4095,1227,0.4922,True
grid4x4,2,bg_max_wait_s,coord_static,off_strict_static,10,0,327.6,321.3,6.26,-20.13,37.04,-2,0.9102,True
grid4x4,2,bg_halted_s,coord_static,off_strict_static,10,0,1.44e+05,1.422e+05,1823,-661.6,4399,1427,0.2754,True
grid4x4,2,route_changes,coord_static,off_strict_static,10,0,0,0,0,0,0,0,1,True
grid4x4,2,preemptions,coord_static,off_strict_static,10,0,5.3,0,5.3,4.6,6,5.5,0.001953,True
grid4x4,2,travel_s,coord_dynamic,off_strict_static,10,0,98.06,212.4,-114.3,-192.6,-54.06,-79,0.001953,True
grid4x4,2,wait_s,coord_dynamic,off_strict_static,10,0,2.11,56.35,-54.24,-90.28,-25.84,-38.45,0.001953,True
grid4x4,2,red_stops,coord_dynamic,off_strict_static,10,0,0.1,3.1,-3,-4.2,-1.9,-2.5,0.001953,True
grid4x4,2,approach_clear_s,coord_dynamic,off_strict_static,10,0,1.57,7.64,-6.07,-7.64,-4.55,-6,0.001953,True
grid4x4,2,queue_mean,coord_dynamic,off_strict_static,10,0,3.744,3.704,0.0408,-0.0101,0.0862,0.0465,0.1855,True
grid4x4,2,bg_time_loss_s,coord_dynamic,off_strict_static,10,0,3.454e+05,3.438e+05,1579,-755.1,4167,810,0.3223,True
grid4x4,2,bg_max_wait_s,coord_dynamic,off_strict_static,10,0,325.6,321.3,4.26,-9.901,18.36,10.05,0.5566,True
grid4x4,2,bg_halted_s,coord_dynamic,off_strict_static,10,0,1.438e+05,1.422e+05,1617,-309.7,3354,1819,0.1309,True
grid4x4,2,route_changes,coord_dynamic,off_strict_static,10,0,3.8,0,3.8,1.8,6,2.5,0.007812,True
grid4x4,2,preemptions,coord_dynamic,off_strict_static,10,0,5.6,0,5.6,4.7,6.6,5.5,0.001953,True
grid4x4,2,travel_s,off_realistic_dynamic,off_realistic_static,9,1,148.9,143.4,5.533,-16.39,30.74,0,0.4375,True
grid4x4,2,wait_s,off_realistic_dynamic,off_realistic_static,9,1,27.11,19.89,7.222,-5.244,22.69,0,0.4375,True
grid4x4,2,red_stops,off_realistic_dynamic,off_realistic_static,9,1,1.889,1.667,0.2222,0,0.5556,0,0.5,True
grid4x4,2,approach_clear_s,off_realistic_dynamic,off_realistic_static,9,1,6.744,6.022,0.7222,-0.7,2.633,0,0.625,True
grid4x4,2,queue_mean,off_realistic_dynamic,off_realistic_static,9,1,3.627,3.608,0.01867,-0.01067,0.05267,0,0.375,True
grid4x4,2,bg_time_loss_s,off_realistic_dynamic,off_realistic_static,9,1,3.375e+05,3.378e+05,-233.8,-2540,2044,0,0.8125,True
grid4x4,2,bg_max_wait_s,off_realistic_dynamic,off_realistic_static,9,1,327.7,321.5,6.167,-3.836,21.26,0,0.625,True
grid4x4,2,bg_halted_s,off_realistic_dynamic,off_realistic_static,9,1,1.392e+05,1.385e+05,711.3,-427.7,2029,0,0.4375,True
grid4x4,2,route_changes,off_realistic_dynamic,off_realistic_static,9,1,4.111,0,4.111,1.111,7.333,0,0.125,True
grid4x4,2,preemptions,off_realistic_dynamic,off_realistic_static,9,1,0,0,0,0,0,0,1,True
grid4x4,2,travel_s,basic_dynamic,basic_static,10,0,93.55,99.22,-5.67,-11.9,0.0315,-0.25,0.07812,True
grid4x4,2,wait_s,basic_dynamic,basic_static,10,0,0.1,0.32,-0.22,-0.66,0,0,1,True
grid4x4,2,red_stops,basic_dynamic,basic_static,10,0,0,0,0,0,0,0,1,True
grid4x4,2,approach_clear_s,basic_dynamic,basic_static,10,0,1.3,1.33,-0.03,-0.34,0.3,0,0.9375,True
grid4x4,2,queue_mean,basic_dynamic,basic_static,10,0,3.747,3.738,0.0092,-0.019,0.0375,0,0.4688,True
grid4x4,2,bg_time_loss_s,basic_dynamic,basic_static,10,0,3.462e+05,3.451e+05,1060,-853,3296,0,0.5781,True
grid4x4,2,bg_max_wait_s,basic_dynamic,basic_static,10,0,325.3,326.6,-1.3,-17.5,14.62,0,0.9375,True
grid4x4,2,bg_halted_s,basic_dynamic,basic_static,10,0,1.439e+05,1.435e+05,353.5,-731.1,1439,0,0.4688,True
grid4x4,2,route_changes,basic_dynamic,basic_static,10,0,3.6,0,3.6,1.8,5.6,2.5,0.007812,True
grid4x4,2,preemptions,basic_dynamic,basic_static,10,0,5.3,5.3,0,0,0,0,1,True
grid4x4,2,travel_s,coord_dynamic,coord_static,10,0,98.06,95.83,2.23,-8.89,17.53,-1.7,0.8125,True
grid4x4,2,wait_s,coord_dynamic,coord_static,10,0,2.11,0.36,1.75,-0.78,6.03,0,1,True
grid4x4,2,red_stops,coord_dynamic,coord_static,10,0,0.1,0,0.1,0,0.3,0,1,True
grid4x4,2,approach_clear_s,coord_dynamic,coord_static,10,0,1.57,1.09,0.48,-0.18,1.39,0,0.4062,True
grid4x4,2,queue_mean,coord_dynamic,coord_static,10,0,3.744,3.75,-0.0053,-0.0675,0.0592,0,0.8125,True
grid4x4,2,bg_time_loss_s,coord_dynamic,coord_static,10,0,3.454e+05,3.452e+05,239.6,-3283,3618,693.4,0.6875,True
grid4x4,2,bg_max_wait_s,coord_dynamic,coord_static,10,0,325.6,327.6,-2,-24.63,23.83,-2.9,0.6875,True
grid4x4,2,bg_halted_s,coord_dynamic,coord_static,10,0,1.438e+05,1.44e+05,-205.9,-2589,2262,0,0.8125,True
grid4x4,2,route_changes,coord_dynamic,coord_static,10,0,3.8,0,3.8,1.8,6,2.5,0.007812,True
grid4x4,2,preemptions,coord_dynamic,coord_static,10,0,5.6,5.3,0.3,0,0.8,0,0.5,True
